{"web":{"client_id":"443692783880-169pdr6d3kcdfsdjkmitr6aiubh0b8dl.apps.googleusercontent.com","project_id":"final-beachlym","auth_uri":"https://accounts.google.com/o/oauth2/auth","token_uri":"https://oauth2.googleapis.com/token","auth_provider_x509_cert_url":"https://www.googleapis.com/oauth2/v1/certs","client_secret":"hj-IcvV-tlvgpqEogtxo2i83","redirect_uris":["http://localhost:8080","https://final-beachlym.appspot.com"],"javascript_origins":["http://localhost:8080","https://final-beachlym.appspot.com"]}}